title,link
Qlik.Sense.HTTP.Tunneling.Vulnerability,https://www.fortiguard.com/encyclopedia/ips/53624
Diameter.Incorrect.Message.Length,https://www.fortiguard.com/encyclopedia/ips/52230
Diameter.Incorrect.Reserved.Bits,https://www.fortiguard.com/encyclopedia/ips/52232
Diameter.Invalid.Version,https://www.fortiguard.com/encyclopedia/ips/52229
Diameter.Message.Command.Overlong,https://www.fortiguard.com/encyclopedia/ips/52233
Diameter.Request.Message.Error.Flag.Set,https://www.fortiguard.com/encyclopedia/ips/52231
Diameter.Response.Message.No.Matching.Request.Found,https://www.fortiguard.com/encyclopedia/ips/52234
Diameter.Unrecognized.Header,https://www.fortiguard.com/encyclopedia/ips/52228
SSL.Null.Ciphers.Negotiation,https://www.fortiguard.com/encyclopedia/ips/52410
Siemens.SINEMA.Remote.Connect.Reflected.XSS,https://www.fortiguard.com/encyclopedia/ips/51721
MSRP.Max.Message.Size.Exceeded,https://www.fortiguard.com/encyclopedia/ips/50540
LDAP.Kerberos.SPN.Query,https://www.fortiguard.com/encyclopedia/ips/49752
Kinetica.Admin.getLogs.Function.Remote.OS.Command.Execution,https://www.fortiguard.com/encyclopedia/ips/48953
D-Link.DIR866L.HtmlResponseMessage.XSS,https://www.fortiguard.com/encyclopedia/ips/48387
HTML.Code.Obfuscators,https://www.fortiguard.com/encyclopedia/ips/48246
SSL.Anonymous.Ciphers.Negotiation,https://www.fortiguard.com/encyclopedia/ips/43544
Test.Update.Integer.Overflow,https://www.fortiguard.com/encyclopedia/ips/53
HTTP.Chunk.Length.Invalid,https://www.fortiguard.com/encyclopedia/ips/39122
Obfuscated.PDF.Access,https://www.fortiguard.com/encyclopedia/ips/38397
NTP.Zero.Transmit.Timestamp,https://www.fortiguard.com/encyclopedia/ips/37578
NTP.Unknown.Stratum,https://www.fortiguard.com/encyclopedia/ips/37576
TCP.Inconsistent.Retransmission,https://www.fortiguard.com/encyclopedia/ips/35640
TCP.Overlapping.Fragments,https://www.fortiguard.com/encyclopedia/ips/29511
Eicar.Virus.Test.File,https://www.fortiguard.com/encyclopedia/ips/29844
TCP.Out.Of.Range.Timestamp,https://www.fortiguard.com/encyclopedia/ips/17677
Public.Tags,https://www.fortiguard.com/encyclopedia/ips/15306
DNP3.Function.Code.Scan,https://www.fortiguard.com/encyclopedia/ips/15282
DNP3.Points.List.Scan,https://www.fortiguard.com/encyclopedia/ips/15281
Modbus.TCP.Function.Code.Scan,https://www.fortiguard.com/encyclopedia/ips/15291
Modbus.TCP.Points.List.Scan,https://www.fortiguard.com/encyclopedia/ips/15287
VoIP.SIP.Semicolon.Separated.Params,https://www.fortiguard.com/encyclopedia/ips/13883
NBSS.Invalid.PDU.Size,https://www.fortiguard.com/encyclopedia/ips/13544
NBSS.Invalid.PDU.Size,https://www.fortiguard.com/encyclopedia/ips/110034947
DNS.Invalid.Label.Length,https://www.fortiguard.com/encyclopedia/ips/8912897
DNS.Invalid.Label.Length,https://www.fortiguard.com/encyclopedia/ips/12765
DNS.Invalid.OPcode,https://www.fortiguard.com/encyclopedia/ips/12316
DNS.Invalid.OPcode,https://www.fortiguard.com/encyclopedia/ips/8912906
DNS.Unexpected.Qclass,https://www.fortiguard.com/encyclopedia/ips/8912907
DNS.Unexpected.Qclass,https://www.fortiguard.com/encyclopedia/ips/12428
DNS.Unknown.Type,https://www.fortiguard.com/encyclopedia/ips/12374
